Date,Open,High,Low,Close,Volume
19381231,5.65,7.24,4.45,6.89,0
19391231,6.88,6.92,5.24,6.36,0
19401231,6.39,6.72,4.79,6.34,0
19411231,6.31,6.71,5.44,5.71,0
19421231,5.75,6.46,4.89,6.41,0
19431231,6.44,8.16,6.44,7.37,0
19441231,7.36,9.04,7.34,9.01,0
19451231,9.02,12.56,8.96,12.3,0
19461231,12.28,13.76,10.01,10.96,0
19471231,10.94,11.86,9.88,11.39,0
19481231,11.44,12.64,10.21,11.12,0
19491231,11.06,11.48,9.51,11.33,0
19501231,11.27,13.78,11.26,13.77,0
19511231,14.01,15.96,13.96,15.88,0
19521231,15.89,16.37,14.8,16.3,0
19531231,16.28,16.35,13.81,15.04,0
19541231,15.12,22.03,15.03,22.03,0
19551231,22.5,27.38,21.13,26.69,0
19561231,26.5,29.28,25.31,27.62,0
19571231,27.34,29.28,23.32,23.99,0
19581231,24.19,32.38,24.19,32.38,0
19591231,32.51,35.81,31.45,35.47,0
19601231,35.48,35.77,30.7,34.12,0
19611231,33.81,44.53,33.81,43.97,0
19621231,43.97,44.22,31.91,39.7,0
19631231,39.7,46.58,39.2,46.34,0
19641231,46.35,55.87,46.23,54.83,0
19651231,54.84,65.89,54.21,65.45,0
19661231,65.46,67.45,53.3,59.95,0
19671231,59.97,79.54,59.32,79.19,0
19681231,79.22,97.36,72,93.09,0
19691231,93.13,99.18,83.55,91.39,0
19701231,91.4,95.29,68.97,94.44,0
19711231,94.44,114.1,92.9,114.1,0
19721231,113.6,135.1,113.6,133.7,0
19731231,134.6,136.8,88.7,92.2,0
19741231,92.5,96.5,54.9,59.8,0
19751231,60.7,88,60.7,77.6,0
19761231,78.1,97.9,78.1,97.9,0
19771231,97.7,105.1,93.7,105.1,0
19781231,104,139.3,99.1,118,0
19791231,117.8,152.3,117.8,151.1,0
19801231,148.2,208.1,124.1,202.3,0
19811231,203.6,223.5,175,195.8,0
19821231,195.5,240.7,159.7,232.4,0
19831231,230.6,328.9,230.6,278.6,0
19841231,277.6,287.9,225.3,247.1,3168258900
19851231,247.1,325.6,245.8,324.9,19111676700
19861231,325,411.3,322.1,348.8,26691818400
19871231,351.3,456.3,288.5,330.5,35087579400
19881231,335.1,397.5,329,381.4,28822987800
19891231,378.9,487.5,376.9,454.8,31168103700
19901231,452.9,470.3,323,373.8,30959049000
19911231,373,586.35,353,586.34,38261418300
19921231,580.04,676.95,545.95,676.95,45084958500
19931231,675.31,791.2,644.71,776.8,61842981900
19941231,774.11,804.43,690.95,751.96,69156492600
19951231,751.31,1074.85,740.47,1052.13,94084556700
19961231,1052.83,1328.95,977.79,1291.03,128496807300
19971231,1292.65,1748.78,1194.16,1570.35,152317938900
19981231,1574.1,2200.63,1343.87,2192.69,184366938600
19991231,2207.54,4090.61,2192.68,4069.31,247274445000
20001231,4186.19,5132.52,2288.16,2470.52,406524436500
20011231,2474.16,2892.36,1387.06,1950.4,432514635000
20021231,1965.18,2098.88,1108.49,1335.51,403412647200
20031231,1346.93,2015.23,1253.22,2003.37,386820740400
20041231,2011.08,2185.56,1750.82,2175.44,414695342100
20051231,2184.75,2278.16,1889.83,2205.32,405873036600
20061231,2216.53,2470.95,2012.78,2415.29,449786818200
20071231,2429.72,2861.51,2331.57,2652.28,487760038800
20081231,2653.9,2661.5,1295.48,1577.03,523954504200
20091231,1578.87,2295.8,1265.52,2269.15,510717888600
20101231,2294.41,2675.26,2061.14,2652.87,511326852600
20111231,2676.65,2887.75,2298.89,2605.15,463864804800
20121231,2657.39,3196.93,2627.23,3019.51,402873535500
20131231,3091.33,4177.73,3076.6,4176.59,412503862200
20141231,4160.03,4814.95,3946.03,4736.05,456824184000
20151231,4760.24,5231.84,4293.79,5007.41,442481128800
20161231,4897.65,5512.29,4209.81,5383.12,446112025500
20171231,5425.62,7003.89,5397.99,6903.39,445270710300
20181231,6937.66,8133.3,6190.16,6635.28,521815067100
20191231,6506.91,9052,6457.13,8972.604,499227013200
20201231,9039.46,12973.332,6631.422,12888.28,918765618284
20211231,12958.523,16212.23,12397.054,15644.97,959109534868
20221231,15732.5,15852.14,10088.83,10466.481,905732896456.58
20231231,10562.06,15150.07,10265.04,15011.353,1048158594127
20241231,14873.7,20204.58,14477.57,19310.79,1120318250685
20251231,19403.9,24019.99,14784.03,23241.99,1483543312277
20261231,23481.49,23988.27,22124.78,22387.68,238876263128
