Date,Open,High,Low,Close
17930331,19.39,19.39,19.39,19.39
17930630,19.39,19.39,19.39,19.39
17930930,19.39,19.39,19.39,19.39
17931231,19.39,19.39,19.39,19.39
17940331,19.39,19.39,19.39,19.39
17940630,19.39,19.39,19.39,19.39
17940930,19.39,19.39,19.39,19.39
17941231,19.39,19.39,19.39,19.39
17950331,19.39,19.39,19.39,19.39
17950630,19.39,19.39,19.39,19.39
17950930,19.39,19.39,19.39,19.39
17951231,19.39,19.39,19.39,19.39
17960331,19.39,19.39,19.39,19.39
17960630,19.39,19.39,19.39,19.39
17960930,19.39,19.39,19.39,19.39
17961231,19.39,19.39,19.39,19.39
17970331,19.39,19.39,19.39,19.39
17970630,19.39,19.39,19.39,19.39
17970930,19.39,19.39,19.39,19.39
17971231,19.39,19.39,19.39,19.39
17980331,19.39,19.39,19.39,19.39
17980630,19.39,19.39,19.39,19.39
17980930,19.39,19.39,19.39,19.39
17981231,19.39,19.39,19.39,19.39
17990331,19.39,19.39,19.39,19.39
17990630,19.39,19.39,19.39,19.39
17990930,19.39,19.39,19.39,19.39
17991231,19.39,19.39,19.39,19.39
18000331,19.39,19.39,19.39,19.39
18000630,19.39,19.39,19.39,19.39
18000930,19.39,19.39,19.39,19.39
18001231,19.39,19.39,19.39,19.39
18010331,19.39,19.39,19.39,19.39
18010630,19.39,19.39,19.39,19.39
18010930,19.39,19.39,19.39,19.39
18011231,19.39,19.39,19.39,19.39
18020331,19.39,19.39,19.39,19.39
18020630,19.39,19.39,19.39,19.39
18020930,19.39,19.39,19.39,19.39
18021231,19.39,19.39,19.39,19.39
18030331,19.39,19.39,19.39,19.39
18030630,19.39,19.39,19.39,19.39
18030930,19.39,19.39,19.39,19.39
18031231,19.39,19.39,19.39,19.39
18040331,19.39,19.39,19.39,19.39
18040630,19.39,19.39,19.39,19.39
18040930,19.39,19.39,19.39,19.39
18041231,19.39,19.39,19.39,19.39
18050331,19.39,19.39,19.39,19.39
18050630,19.39,19.39,19.39,19.39
18050930,19.39,19.39,19.39,19.39
18051231,19.39,19.39,19.39,19.39
18060331,19.39,19.39,19.39,19.39
18060630,19.39,19.39,19.39,19.39
18060930,19.39,19.39,19.39,19.39
18061231,19.39,19.39,19.39,19.39
18070331,19.39,19.39,19.39,19.39
18070630,19.39,19.39,19.39,19.39
18070930,19.39,19.39,19.39,19.39
18071231,19.39,19.39,19.39,19.39
18080331,19.39,19.39,19.39,19.39
18080630,19.39,19.39,19.39,19.39
18080930,19.39,19.39,19.39,19.39
18081231,19.39,19.39,19.39,19.39
18090331,19.39,19.39,19.39,19.39
18090630,19.39,19.39,19.39,19.39
18090930,19.39,19.39,19.39,19.39
18091231,19.39,19.39,19.39,19.39
18100331,19.39,19.39,19.39,19.39
18100630,19.39,19.39,19.39,19.39
18100930,19.39,19.39,19.39,19.39
18101231,19.39,19.39,19.39,19.39
18110331,19.39,19.39,19.39,19.39
18110630,19.39,19.39,19.39,19.39
18110930,19.39,19.39,19.39,19.39
18111231,19.39,19.39,19.39,19.39
18120331,19.39,19.39,19.39,19.39
18120630,19.39,19.39,19.39,19.39
18120930,19.39,19.39,19.39,19.39
18121231,19.39,19.39,19.39,19.39
18130331,19.39,19.39,19.39,19.39
18130630,19.39,19.39,19.39,19.39
18130930,19.39,19.39,19.39,19.39
18131231,19.39,19.39,19.39,19.39
18140331,19.39,19.39,19.39,19.39
18140630,19.39,19.39,19.39,19.39
18140930,19.39,21.79,19.39,21.79
18141231,21.79,21.79,21.79,21.79
18150331,21.79,21.79,21.79,21.79
18150630,21.79,21.79,19.78,19.78
18150930,19.78,23.07,19.78,23.07
18151231,23.07,23.07,22.16,22.16
18160331,22.16,22.16,22.16,22.16
18160630,22.16,22.16,22.16,22.16
18160930,22.16,22.16,19.74,19.74
18161231,19.74,19.84,19.74,19.84
18170331,19.84,19.84,19.84,19.84
18170630,19.84,19.89,19.84,19.89
18170930,19.89,19.89,19.39,19.39
18171231,19.39,19.39,19.39,19.39
18180331,19.39,19.39,19.39,19.39
18180630,19.39,19.39,19.39,19.39
18180930,19.39,19.39,19.39,19.39
18181231,19.39,19.39,19.39,19.39
18190331,19.39,19.39,19.39,19.39
18190630,19.39,19.39,19.39,19.39
18190930,19.39,19.39,19.39,19.39
18191231,19.39,19.39,19.39,19.39
18200331,19.39,19.39,19.39,19.39
18200630,19.39,19.39,19.39,19.39
18200930,19.39,19.39,19.39,19.39
18201231,19.39,19.39,19.39,19.39
18210331,19.39,19.39,19.39,19.39
18210630,19.39,19.39,19.39,19.39
18210930,19.39,19.39,19.39,19.39
18211231,19.39,19.39,19.39,19.39
18220331,19.39,19.39,19.39,19.39
18220630,19.39,19.39,19.39,19.39
18220930,19.39,19.39,19.39,19.39
18221231,19.39,19.39,19.39,19.39
18230331,19.39,19.39,19.39,19.39
18230630,19.39,19.39,19.39,19.39
18230930,19.39,19.39,19.39,19.39
18231231,19.39,19.39,19.39,19.39
18240331,19.39,19.39,19.39,19.39
18240630,19.39,19.39,19.39,19.39
18240930,19.39,19.39,19.39,19.39
18241231,19.39,19.39,19.39,19.39
18250331,19.39,19.39,19.39,19.39
18250630,19.39,19.39,19.39,19.39
18250930,19.39,19.39,19.39,19.39
18251231,19.39,19.39,19.39,19.39
18260331,19.39,19.39,19.39,19.39
18260630,19.39,19.39,19.39,19.39
18260930,19.39,19.39,19.39,19.39
18261231,19.39,19.39,19.39,19.39
18270331,19.39,19.39,19.39,19.39
18270630,19.39,19.39,19.39,19.39
18270930,19.39,19.39,19.39,19.39
18271231,19.39,19.39,19.39,19.39
18280331,19.39,19.39,19.39,19.39
18280630,19.39,19.39,19.39,19.39
18280930,19.39,19.39,19.39,19.39
18281231,19.39,19.39,19.39,19.39
18290331,19.39,19.39,19.39,19.39
18290630,19.39,19.39,19.39,19.39
18290930,19.39,19.39,19.39,19.39
18291231,19.39,19.39,19.39,19.39
18300331,19.39,19.39,19.39,19.39
18300630,19.39,19.39,19.39,19.39
18300930,19.39,19.39,19.39,19.39
18301231,19.39,19.39,19.39,19.39
18310331,19.39,19.39,19.39,19.39
18310630,19.39,19.39,19.39,19.39
18310930,19.39,19.39,19.39,19.39
18311231,19.39,19.39,19.39,19.39
18320331,19.39,19.39,19.39,19.39
18320630,19.39,19.39,19.39,19.39
18320930,19.39,19.39,19.39,19.39
18321231,19.39,19.39,19.39,19.39
18330331,19.39,19.39,19.39,19.39
18330630,19.39,19.39,19.39,19.39
18330930,19.39,19.39,19.39,19.39
18331231,19.39,19.39,19.39,19.39
18340331,19.39,19.39,19.39,19.39
18340630,19.39,19.39,19.39,19.39
18340930,19.39,20.69,19.39,20.69
18341231,20.69,20.69,20.69,20.69
18350331,20.69,20.69,20.69,20.69
18350630,20.69,20.69,20.69,20.69
18350930,20.69,20.69,20.69,20.69
18351231,20.69,20.69,20.69,20.69
18360331,20.69,20.69,20.69,20.69
18360630,20.69,20.69,20.69,20.69
18360930,20.69,20.69,20.69,20.69
18361231,20.69,20.69,20.69,20.69
18370331,20.69,20.69,20.69,20.69
18370630,20.69,20.69,20.67,20.67
18370930,20.67,22.7,20.67,22.7
18371231,22.7,22.7,21.6,21.6
18380331,21.6,21.6,21.52,21.52
18380630,21.52,21.52,21.52,21.52
18380930,21.52,21.52,20.69,20.69
18381231,20.69,20.73,20.69,20.73
18390331,20.73,20.73,20.73,20.73
18390630,20.73,20.73,20.73,20.73
18390930,20.73,20.73,20.73,20.73
18391231,20.73,20.73,20.73,20.73
18400331,20.73,20.73,20.73,20.73
18400630,20.73,20.73,20.73,20.73
18400930,20.73,20.73,20.73,20.73
18401231,20.73,20.73,20.73,20.73
18410331,20.73,20.73,20.73,20.73
18410630,20.73,20.73,20.73,20.73
18410930,20.73,20.73,20.67,20.67
18411231,20.67,20.67,20.67,20.67
18420331,20.67,20.67,20.67,20.67
18420630,20.67,20.67,20.67,20.67
18420930,20.67,20.73,20.67,20.73
18421231,20.73,20.73,20.69,20.69
18430331,20.69,20.69,20.69,20.69
18430630,20.69,20.71,20.69,20.71
18430930,20.71,20.71,20.67,20.67
18431231,20.67,20.67,20.67,20.67
18440331,20.67,20.67,20.67,20.67
18440630,20.67,20.67,20.67,20.67
18440930,20.67,20.67,20.67,20.67
18441231,20.67,20.67,20.67,20.67
18450331,20.67,20.67,20.67,20.67
18450630,20.67,20.67,20.67,20.67
18450930,20.67,20.67,20.67,20.67
18451231,20.67,20.67,20.67,20.67
18460331,20.67,20.67,20.67,20.67
18460630,20.67,20.67,20.67,20.67
18460930,20.67,20.67,20.67,20.67
18461231,20.67,20.67,20.67,20.67
18470331,20.67,20.67,20.67,20.67
18470630,20.67,20.67,20.67,20.67
18470930,20.67,20.67,20.67,20.67
18471231,20.67,20.67,20.67,20.67
18480331,20.67,20.67,20.67,20.67
18480630,20.67,20.67,20.67,20.67
18480930,20.67,20.67,20.67,20.67
18481231,20.67,20.67,20.67,20.67
18490331,20.67,20.67,20.67,20.67
18490630,20.67,20.67,20.67,20.67
18490930,20.67,20.67,20.67,20.67
18491231,20.67,20.67,20.67,20.67
18500331,20.67,20.67,20.67,20.67
18500630,20.67,20.67,20.67,20.67
18500930,20.67,20.67,20.67,20.67
18501231,20.67,20.67,20.67,20.67
18510331,20.67,20.67,20.67,20.67
18510630,20.67,20.67,20.67,20.67
18510930,20.67,20.67,20.67,20.67
18511231,20.67,20.67,20.67,20.67
18520331,20.67,20.67,20.67,20.67
18520630,20.67,20.67,20.67,20.67
18520930,20.67,20.67,20.67,20.67
18521231,20.67,20.67,20.67,20.67
18530331,20.67,20.67,20.67,20.67
18530630,20.67,20.67,20.67,20.67
18530930,20.67,20.67,20.67,20.67
18531231,20.67,20.67,20.67,20.67
18540331,20.67,20.67,20.67,20.67
18540630,20.67,20.67,20.67,20.67
18540930,20.67,20.67,20.67,20.67
18541231,20.67,20.67,20.67,20.67
18550331,20.67,20.67,20.67,20.67
18550630,20.67,20.67,20.67,20.67
18550930,20.67,20.67,20.67,20.67
18551231,20.67,20.67,20.67,20.67
18560331,20.67,20.67,20.67,20.67
18560630,20.67,20.67,20.67,20.67
18560930,20.67,20.67,20.67,20.67
18561231,20.67,20.67,20.67,20.67
18570331,20.67,20.67,20.67,20.67
18570630,20.67,20.67,20.67,20.67
18570930,20.67,20.81,20.67,20.81
18571231,20.81,20.81,20.71,20.71
18580331,20.71,20.71,20.67,20.67
18580630,20.67,20.67,20.67,20.67
18580930,20.67,20.67,20.67,20.67
18581231,20.67,20.67,20.67,20.67
18590331,20.67,20.67,20.67,20.67
18590630,20.67,20.67,20.67,20.67
18590930,20.67,20.67,20.67,20.67
18591231,20.67,20.67,20.67,20.67
18600331,20.67,20.67,20.67,20.67
18600630,20.67,20.67,20.67,20.67
18600930,20.67,20.67,20.67,20.67
18601231,20.67,20.67,20.67,20.67
18610331,20.67,20.67,20.67,20.67
18610630,20.67,20.67,20.67,20.67
18610930,20.67,20.67,20.67,20.67
18611231,20.67,20.67,20.67,20.67
18620331,20.67,20.77,20.67,20.77
18620630,20.77,20.77,20.77,20.77
18620930,20.77,27.54,20.77,27.54
18621231,27.54,27.54,27.54,27.54
18630331,27.54,27.54,27.54,27.54
18630630,27.54,27.54,25.24,25.24
18630930,25.24,35.45,25.24,35.45
18631231,35.45,35.45,31.39,31.39
18640331,31.39,31.39,31.39,31.39
18640630,31.39,31.39,31.31,31.31
18640930,31.31,57.05,31.31,57.05
18641231,57.05,57.05,46.36,46.36
18650331,46.36,46.36,46.36,46.36
18650630,46.36,48.01,46.36,48.01
18650930,48.01,48.01,26.59,26.59
18651231,26.59,29.9,26.59,29.9
18660331,29.9,29.9,29.9,29.9
18660630,29.9,32.19,29.9,32.19
18660930,32.19,32.19,25.84,25.84
18661231,25.84,27.49,25.84,27.49
18670331,27.49,27.49,27.49,27.49
18670630,27.49,27.49,27.28,27.28
18670930,27.28,30.1,27.28,30.1
18671231,30.1,30.1,27.59,27.59
18680331,27.59,27.59,27.59,27.59
18680630,27.59,27.59,27.31,27.31
18680930,27.31,30.7,27.31,30.7
18681231,30.7,30.7,27.83,27.83
18690331,27.83,27.83,27.83,27.83
18690630,27.83,29.3,27.83,29.3
18690930,29.3,29.3,24.7,24.7
18691231,24.7,24.73,24.7,24.73
18700331,24.73,24.73,24.73,24.73
18700630,24.73,25.22,24.73,25.22
18700930,25.22,25.22,22.74,22.74
18701231,22.74,22.89,22.74,22.89
18710331,22.89,22.89,22.89,22.89
18710630,22.89,23.72,22.89,23.72
18710930,23.72,23.72,22.4,22.4
18711231,22.4,22.53,22.4,22.53
18720331,22.53,22.53,22.53,22.53
18720630,22.53,22.53,22.43,22.43
18720930,22.43,23.85,22.43,23.85
18721231,23.85,23.85,23.15,23.15
18730331,23.15,23.15,23.15,23.15
18730630,23.15,24.49,23.15,24.49
18730930,24.49,24.49,21.94,21.94
18731231,21.94,22.79,21.94,22.79
18740331,22.79,22.79,22.79,22.79
18740630,22.79,22.79,22.53,22.53
18740930,22.53,23.54,22.53,23.54
18741231,23.54,23.54,23.12,23.12
18750331,23.12,23.12,23.12,23.12
18750630,23.12,23.12,23.1,23.1
18750930,23.1,24.23,23.1,24.23
18751231,24.23,24.23,23.33,23.33
18760331,23.33,23.33,23.33,23.33
18760630,23.33,23.69,23.33,23.69
18760930,23.69,23.69,22.12,22.12
18761231,22.12,22.12,22.12,22.12
18770331,22.12,22.12,22.12,22.12
18770630,22.12,22.14,22.12,22.14
18770930,22.14,22.14,21.19,21.19
18771231,21.19,21.24,21.19,21.24
18780331,21.24,21.24,21.24,21.24
18780630,21.24,21.24,21.24,21.24
18780930,21.24,21.24,20.67,20.67
18781231,20.67,20.67,20.67,20.67
18790331,20.67,20.67,20.67,20.67
18790630,20.67,20.67,20.67,20.67
18790930,20.67,20.67,20.67,20.67
18791231,20.67,20.67,20.67,20.67
18800331,20.67,20.67,20.67,20.67
18800630,20.67,20.67,20.67,20.67
18800930,20.67,20.67,20.67,20.67
18801231,20.67,20.67,20.67,20.67
18810331,20.67,20.67,20.67,20.67
18810630,20.67,20.67,20.67,20.67
18810930,20.67,20.67,20.67,20.67
18811231,20.67,20.67,20.67,20.67
18820331,20.67,20.67,20.67,20.67
18820630,20.67,20.67,20.67,20.67
18820930,20.67,20.67,20.67,20.67
18821231,20.67,20.67,20.67,20.67
18830331,20.67,20.67,20.67,20.67
18830630,20.67,20.67,20.67,20.67
18830930,20.67,20.67,20.67,20.67
18831231,20.67,20.67,20.67,20.67
18840331,20.67,20.67,20.67,20.67
18840630,20.67,20.67,20.67,20.67
18840930,20.67,20.67,20.67,20.67
18841231,20.67,20.67,20.67,20.67
18850331,20.67,20.67,20.67,20.67
18850630,20.67,20.67,20.67,20.67
18850930,20.67,20.67,20.67,20.67
18851231,20.67,20.67,20.67,20.67
18860331,20.67,20.67,20.67,20.67
18860630,20.67,20.67,20.67,20.67
18860930,20.67,20.67,20.67,20.67
18861231,20.67,20.67,20.67,20.67
18870331,20.67,20.67,20.67,20.67
18870630,20.67,20.67,20.67,20.67
18870930,20.67,20.67,20.67,20.67
18871231,20.67,20.67,20.67,20.67
18880331,20.67,20.67,20.67,20.67
18880630,20.67,20.67,20.67,20.67
18880930,20.67,20.67,20.67,20.67
18881231,20.67,20.67,20.67,20.67
18890331,20.67,20.67,20.67,20.67
18890630,20.67,20.67,20.67,20.67
18890930,20.67,20.67,20.67,20.67
18891231,20.67,20.67,20.67,20.67
18900331,20.67,20.67,20.67,20.67
18900630,20.67,20.67,20.67,20.67
18900930,20.67,20.67,20.67,20.67
18901231,20.67,20.67,20.67,20.67
18910331,20.67,20.67,20.67,20.67
18910630,20.67,20.67,20.67,20.67
18910930,20.67,20.67,20.67,20.67
18911231,20.67,20.67,20.67,20.67
18920331,20.67,20.67,20.67,20.67
18920630,20.67,20.67,20.67,20.67
18920930,20.67,20.67,20.67,20.67
18921231,20.67,20.67,20.67,20.67
18930331,20.67,20.67,20.67,20.67
18930630,20.67,20.67,20.67,20.67
18930930,20.67,20.67,20.67,20.67
18931231,20.67,20.67,20.67,20.67
18940331,20.67,20.67,20.67,20.67
18940630,20.67,20.67,20.67,20.67
18940930,20.67,20.67,20.67,20.67
18941231,20.67,20.67,20.67,20.67
18950331,20.67,20.67,20.67,20.67
18950630,20.67,20.67,20.67,20.67
18950930,20.67,20.67,20.67,20.67
18951231,20.67,20.67,20.67,20.67
18960331,20.67,20.67,20.67,20.67
18960630,20.67,20.67,20.67,20.67
18960930,20.67,20.67,20.67,20.67
18961231,20.67,20.67,20.67,20.67
18970331,20.67,20.67,20.67,20.67
18970630,20.67,20.67,20.67,20.67
18970930,20.67,20.67,20.67,20.67
18971231,20.67,20.67,20.67,20.67
18980331,20.67,20.67,20.67,20.67
18980630,20.67,20.67,20.67,20.67
18980930,20.67,20.67,20.67,20.67
18981231,20.67,20.67,20.67,20.67
18990331,20.67,20.67,20.67,20.67
18990630,20.67,20.67,20.67,20.67
18990930,20.67,20.67,20.67,20.67
18991231,20.67,20.67,20.67,20.67
19000331,20.67,20.67,20.67,20.67
19000630,20.67,20.67,20.67,20.67
19000930,20.67,20.67,20.67,20.67
19001231,20.67,20.67,20.67,20.67
19010331,20.67,20.67,20.67,20.67
19010630,20.67,20.67,20.67,20.67
19010930,20.67,20.67,20.67,20.67
19011231,20.67,20.67,20.67,20.67
19020331,20.67,20.67,20.67,20.67
19020630,20.67,20.67,20.67,20.67
19020930,20.67,20.67,20.67,20.67
19021231,20.67,20.67,20.67,20.67
19030331,20.67,20.67,20.67,20.67
19030630,20.67,20.67,20.67,20.67
19030930,20.67,20.67,20.67,20.67
19031231,20.67,20.67,20.67,20.67
19040331,20.67,20.67,20.67,20.67
19040630,20.67,20.67,20.67,20.67
19040930,20.67,20.67,20.67,20.67
19041231,20.67,20.67,20.67,20.67
19050331,20.67,20.67,20.67,20.67
19050630,20.67,20.67,20.67,20.67
19050930,20.67,20.67,20.67,20.67
19051231,20.67,20.67,20.67,20.67
19060331,20.67,20.67,20.67,20.67
19060630,20.67,20.67,20.67,20.67
19060930,20.67,20.67,20.67,20.67
19061231,20.67,20.67,20.67,20.67
19070331,20.67,20.67,20.67,20.67
19070630,20.67,20.67,20.67,20.67
19070930,20.67,20.67,20.67,20.67
19071231,20.67,20.67,20.67,20.67
19080331,20.67,20.67,20.67,20.67
19080630,20.67,20.67,20.67,20.67
19080930,20.67,20.67,20.67,20.67
19081231,20.67,20.67,20.67,20.67
19090331,20.67,20.67,20.67,20.67
19090630,20.67,20.67,20.67,20.67
19090930,20.67,20.67,20.67,20.67
19091231,20.67,20.67,20.67,20.67
19100331,20.67,20.67,20.67,20.67
19100630,20.67,20.67,20.67,20.67
19100930,20.67,20.67,20.67,20.67
19101231,20.67,20.67,20.67,20.67
19110331,20.67,20.67,20.67,20.67
19110630,20.67,20.67,20.67,20.67
19110930,20.67,20.67,20.67,20.67
19111231,20.67,20.67,20.67,20.67
19120331,20.67,20.67,20.67,20.67
19120630,20.67,20.67,20.67,20.67
19120930,20.67,20.67,20.67,20.67
19121231,20.67,20.67,20.67,20.67
19130331,20.67,20.67,20.67,20.67
19130630,20.67,20.67,20.67,20.67
19130930,20.67,20.67,20.67,20.67
19131231,20.67,20.67,20.67,20.67
19140331,20.67,20.67,20.67,20.67
19140630,20.67,20.67,20.67,20.67
19140930,20.67,20.67,20.67,20.67
19141231,20.67,20.67,20.67,20.67
19150331,20.67,20.67,20.67,20.67
19150630,20.67,20.67,20.67,20.67
19150930,20.67,20.67,20.67,20.67
19151231,20.67,20.67,20.67,20.67
19160331,20.67,20.67,20.67,20.67
19160630,20.67,20.67,20.67,20.67
19160930,20.67,20.67,20.67,20.67
19161231,20.67,20.67,20.67,20.67
19170331,20.67,20.67,20.67,20.67
19170630,20.67,20.67,20.67,20.67
19170930,20.67,20.67,20.67,20.67
19171231,20.67,20.67,20.67,20.67
19180331,20.67,20.67,20.67,20.67
19180630,20.67,20.67,20.67,20.67
19180930,20.67,20.67,20.67,20.67
19181231,20.67,20.67,20.67,20.67
19190331,20.67,20.67,20.67,20.67
19190630,20.67,20.67,20.67,20.67
19190930,20.67,20.67,20.67,20.67
19191231,20.67,20.67,20.67,20.67
19200331,20.67,20.67,20.67,20.67
19200630,20.67,20.67,20.67,20.67
19200930,20.67,20.67,20.67,20.67
19201231,20.67,20.67,20.67,20.67
19210331,20.67,20.67,20.67,20.67
19210630,20.67,20.67,20.67,20.67
19210930,20.67,20.67,20.67,20.67
19211231,20.67,20.67,20.67,20.67
19220331,20.67,20.67,20.67,20.67
19220630,20.67,20.67,20.67,20.67
19220930,20.67,20.67,20.67,20.67
19221231,20.67,20.67,20.67,20.67
19230331,20.67,20.67,20.67,20.67
19230630,20.67,20.67,20.67,20.67
19230930,20.67,20.67,20.67,20.67
19231231,20.67,20.67,20.67,20.67
19240331,20.67,20.67,20.67,20.67
19240630,20.67,20.67,20.67,20.67
19240930,20.67,20.67,20.67,20.67
19241231,20.67,20.67,20.67,20.67
19250331,20.67,20.67,20.67,20.67
19250630,20.67,20.67,20.67,20.67
19250930,20.67,20.67,20.67,20.67
19251231,20.67,20.67,20.67,20.67
19260331,20.67,20.67,20.67,20.67
19260630,20.67,20.67,20.67,20.67
19260930,20.67,20.67,20.67,20.67
19261231,20.67,20.67,20.67,20.67
19270331,20.67,20.67,20.67,20.67
19270630,20.67,20.67,20.67,20.67
19270930,20.67,20.67,20.67,20.67
19271231,20.67,20.67,20.67,20.67
19280331,20.67,20.67,20.67,20.67
19280630,20.67,20.67,20.67,20.67
19280930,20.67,20.67,20.67,20.67
19281231,20.67,20.67,20.67,20.67
19290331,20.67,20.67,20.67,20.67
19290630,20.67,20.67,20.67,20.67
19290930,20.67,20.67,20.67,20.67
19291231,20.67,20.67,20.67,20.67
19300331,20.67,20.67,20.67,20.67
19300630,20.67,20.67,20.67,20.67
19300930,20.67,20.67,20.67,20.67
19301231,20.67,20.67,20.67,20.67
19310331,20.67,20.67,20.67,20.67
19310630,20.67,20.67,20.67,20.67
19310930,20.67,20.67,20.67,20.67
19311231,20.67,20.67,20.67,20.67
19320331,20.67,20.67,20.67,20.67
19320630,20.67,20.67,20.67,20.67
19320930,20.67,20.67,20.67,20.67
19321231,20.67,20.67,20.67,20.67
19330331,20.67,20.67,20.67,20.67
19330630,20.67,20.67,20.67,20.67
19330930,20.67,34.06,20.67,34.06
19331231,34.06,34.06,32.32,32.32
19340331,32.32,34.06,32.32,34.06
19340630,34.06,34.06,34.06,34.06
19340930,34.06,35,34.06,35
19341231,35,35,35,35
19350331,35,35,35,35
19350630,35,35,35,35
19350930,35,35,35,35
19351231,35,35,35,35
19360331,35,35,35,35
19360630,35,35,35,35
19360930,35,35,35,35
19361231,35,35,35,35
19370331,35,35,35,35
19370630,35,35,35,35
19370930,35,35,35,35
19371231,35,35,35,35
19380331,35,35,35,35
19380630,35,35,35,35
19380930,35,35,35,35
19381231,35,35,35,35
19390331,35,35,35,35
19390630,35,35,35,35
19390930,35,35,35,35
19391231,35,35,35,35
19400331,35,35,34.75,34.75
19400630,34.75,34.75,34.75,34.75
19400930,34.75,34.75,34.1,34.1
19401231,34.1,34.5,34.1,34.5
19410331,34.5,34.5,34.5,34.5
19410630,34.5,34.5,34.25,34.25
19410930,34.25,35.5,34.25,35.5
19411231,35.5,35.5,35.5,35.5
19420331,35.5,35.5,35.5,35.5
19420630,35.5,35.5,35,35
19420930,35,36.25,35,36.25
19421231,36.25,36.25,35.5,35.5
19430331,35.5,35.5,35.5,35.5
19430630,35.5,35.5,35.5,35.5
19430930,35.5,36.5,35.5,36.5
19431231,36.5,36.5,36.5,36.5
19440331,36.5,36.5,36.5,36.5
19440630,36.5,36.75,36.5,36.75
19440930,36.75,36.75,36,36
19441231,36,36.25,36,36.25
19450331,36.25,36.25,36.25,36.25
19450630,36.25,36.25,36.25,36.25
19450930,36.25,38.25,36.25,38.25
19451231,38.25,38.25,37.25,37.25
19460331,37.25,37.75,37.25,37.75
19460630,37.75,37.75,37.75,37.75
19460930,37.75,39.5,37.75,39.5
19461231,39.5,39.5,38.25,38.25
19470331,38.25,38.25,38.25,38.25
19470630,38.25,38.25,37.5,37.5
19470930,37.5,43.25,37.5,43.25
19471231,43.25,43.25,43,43
19480331,43,43,43,43
19480630,43,43.25,43,43.25
19480930,43.25,43.25,41.5,41.5
19481231,41.5,42,41.5,42
19490331,42,42,42,42
19490630,42,42.5,42,42.5
19490930,42.5,42.5,40.5,40.5
19491231,40.5,40.5,40.5,40.5
19500331,40.5,40.5,40.5,40.5
19500630,40.5,41.5,40.5,41.5
19500930,41.5,41.5,36.5,36.5
19501231,36.5,40.25,36.5,40.25
19510331,40.25,40.25,40.25,40.25
19510630,40.25,44,40.25,44
19510930,44,44,40,40
19511231,40,40,40,40
19520331,40,40,40,40
19520630,40,40.75,40,40.75
19520930,40.75,40.75,38.15,38.15
19521231,38.15,38.7,38.15,38.7
19530331,38.7,38.7,38.7,38.7
19530630,38.7,39.25,38.7,39.25
19530930,39.25,39.25,35.25,35.25
19531231,35.25,35.5,35.25,35.5
19540331,35.5,35.5,35.5,35.5
19540630,35.5,35.5,35.5,35.5
19540930,35.5,35.5,35.25,35.25
19541231,35.25,35.25,35.25,35.25
19550331,35.25,35.25,35.25,35.25
19550630,35.25,35.25,35.25,35.25
19550930,35.25,35.25,35.15,35.15
19551231,35.15,35.15,35.15,35.15
19560331,35.15,35.15,35.15,35.15
19560630,35.15,35.15,35.15,35.15
19560930,35.15,35.2,35.15,35.2
19561231,35.2,35.2,35.2,35.2
19570331,35.2,35.2,35.2,35.2
19570630,35.2,35.2,35.15,35.15
19570930,35.15,35.25,35.15,35.25
19571231,35.25,35.25,35.25,35.25
19580331,35.25,35.25,35.25,35.25
19580630,35.25,35.25,35.25,35.25
19580930,35.25,35.25,35.25,35.25
19581231,35.25,35.25,35.25,35.25
19590331,35.25,35.25,35.25,35.25
19590630,35.25,35.25,35.25,35.25
19590930,35.25,35.25,35.25,35.25
19591231,35.25,35.25,35.25,35.25
19600331,35.25,35.25,35.25,35.25
19600630,35.25,35.25,35.2,35.2
19600930,35.2,36.5,35.2,36.5
19601231,36.5,36.5,36.5,36.5
19610331,36.5,36.5,36.5,36.5
19610630,36.5,36.5,36.5,36.5
19610930,36.5,36.5,35.15,35.15
19611231,35.15,35.5,35.15,35.5
19620331,35.5,35.5,35.5,35.5
19620630,35.5,35.5,35.5,35.5
19620930,35.5,35.5,35.2,35.2
19621231,35.2,35.35,35.2,35.35
19630331,35.35,35.35,35.35,35.35
19630630,35.35,35.42,35.35,35.42
19630930,35.42,35.42,35.25,35.25
19631231,35.25,35.25,35.25,35.25
19640331,35.25,35.25,35.25,35.25
19640630,35.25,35.25,35.25,35.25
19640930,35.25,35.35,35.25,35.35
19641231,35.35,35.35,35.35,35.35
19650331,35.35,35.35,35.35,35.35
19650630,35.35,35.35,35.25,35.25
19650930,35.25,35.5,35.25,35.5
19651231,35.5,35.5,35.5,35.5
19660331,35.5,35.5,35.5,35.5
19660630,35.5,35.5,35.5,35.5
19660930,35.5,35.5,35.3,35.3
19661231,35.3,35.4,35.3,35.4
19670331,35.4,35.4,35.4,35.4
19670630,35.4,35.4,35.27,35.27
19670930,35.27,35.5,35.27,35.5
19671231,35.5,35.5,35.5,35.5
19680131,35.2,35.2,35.2,35.2
19680229,35.2,35.2,35.2,35.2
19680331,39.4,39.4,39.4,39.4
19680430,39.1,39.1,39.1,39.1
19680531,41.3,41.3,41.3,41.3
19680630,41,41,41,41
19680731,38.75,38.75,38.75,38.75
19680831,39.9,39.9,39.9,39.9
19680930,38.55,38.55,38.55,38.55
19681031,39.5,39.5,39.5,39.5
19681130,40.62,40.62,40.62,40.62
19681231,41.72,41.72,41.72,41.72
19690131,42.52,42.52,42.52,42.52
19690228,42.7,42.7,42.7,42.7
19690331,43.4,43.4,43.4,43.4
19690430,43.6,43.6,43.6,43.6
19690531,43.37,43.37,43.37,43.37
19690630,42.9,42.9,40.8,41.4
19690731,41.4,42.3,41.4,41.6
19690831,41.6,41.6,40.9,41.1
19690930,41.1,41.3,40.9,40.9
19691031,40.9,41.2,40,40
19691130,40,40,35.7,35.9
19691231,35.9,35.9,35.2,35.4
19700131,35.4,35.4,34.9,35.2
19700228,35.2,35.2,35.1,35.2
19700331,35.2,35.5,35.1,35.4
19700430,35.4,36.2,35.4,36.1
19700531,36.1,36.4,35.8,35.8
19700630,35.8,35.9,35.3,35.7
19700731,35.7,35.7,35.5,35.5
19700831,35.5,36.1,35.5,36.1
19700930,36.1,36.6,36.1,36.6
19701031,36.6,39.9,36.6,37.5
19701130,37.5,37.9,37,37.8
19701231,37.8,37.9,37.4,37.6
19710131,37.6,38.4,37.6,38.4
19710228,38.4,39.2,38.4,39.1
19710331,39.1,39.3,39,39.1
19710430,39.1,39.9,39.1,39.9
19710531,39.9,41.5,39.7,41.1
19710630,41.1,41.1,39.8,40.4
19710731,40.4,42.7,40.4,42.7
19710831,42.7,44.2,41,41
19710930,41,43.4,41,42.9
19711031,42.9,43,42.6,42.6
19711130,42.6,43.9,42.4,43.9
19711231,43.9,44.2,43,43.8
19720131,43.8,47.6,43.8,47.4
19720229,47.4,49.5,47.3,48.5
19720331,48.5,48.7,48.3,48.6
19720430,48.6,49.9,48.6,49.9
19720531,49.9,59.7,49.9,59.7
19720630,59.7,65.1,59.5,64.9
19720731,64.9,68.6,64.9,68.6
19720831,68.6,70.3,65.4,67.1
19720930,67.1,67.5,61.5,64.5
19721031,64.5,65.9,64.4,64.6
19721130,64.6,64.6,60.6,63.9
19721231,63.9,65.7,63.2,65.2
19730131,65.2,66.3,64.2,66.3
19730228,66.3,86.8,66.3,85.3
19730331,85.3,90.3,80.3,90.3
19730430,90.3,91.5,89.5,91
19730531,91,115,90.6,115
19730630,115,126.3,115,123.5
19730731,123.5,126.3,114.5,115.9
19730831,115.9,117.8,94.3,103.8
19730930,103.8,106.4,100.3,100.3
19731031,100.3,104,97,98.3
19731130,97.25,102,89.75,101.2
19731231,101.2,114.5,100.5,114.5
19740131,114.5,141.3,114.5,132.8
19740228,132.8,175.3,130.8,162.8
19740331,162.8,177.8,159.3,173.3
19740430,173.3,179.8,167.3,169.5
19740531,169.5,169.9,154.3,157
19740630,157,162,144.5,144.5
19740731,144.5,157.8,134.3,156.2
19740831,156.2,159.6,151.8,156.3
19740930,156.3,158,145.7,151.5
19741031,151.5,168.5,151.5,167.2
19741130,167.2,190.8,167.2,185.3
19741231,185.3,195.5,174.5,185.7
19750131,185.7,187.5,169,178
19750228,178,189,174.5,183
19750331,183,183.6,175,179.5
19750430,179.5,179.9,162.3,166.8
19750531,166.8,176.9,163.4,169
19750630,169,169,162.4,167.8
19750731,167.8,177.6,163.6,173.4
19750831,173.4,173.9,162.5,162.8
19750930,162.8,162.8,129,142.2
19751031,142.2,148,138.5,142.8
19751130,142.8,155.3,139.5,147.8
19751231,147.8,153.5,144.4,148.8
19760131,148.8,148.8,129,134
19760229,134,138.4,133.6,136.5
19760331,136.5,138.4,130.5,132.7
19760430,132.7,133.5,129.9,132.5
19760531,132.5,133.2,127.3,130.1
19760630,130.1,136,125.7,126
19760731,126,127.1,107.7,114.2
19760831,114.2,115.2,100,103.2
19760930,103.2,121,103.2,116.1
19761031,116.1,126,112.9,123.8
19761130,123.8,141,122.8,132.6
19761231,132.6,144.5,131.3,137.7
19770131,137.7,140.8,127.5,138.8
19770228,138.8,146.9,134.3,146
19770331,146.65,156.35,143.6,151
19770430,151.5,154.7,144.8,148
19770531,148.3,152.25,145.5,147.1
19770630,147.25,148.5,139.8,146.1
19770731,146.65,150.15,142.7,147.1
19770831,147.75,150.2,144,148.1
19770930,148.35,157.1,147.4,156.4
19771031,156.6,167.05,155.4,162.7
19771130,163,169.9,154.7,162.3
19771231,162.3,168.2,157.1,167.5
19780131,168.1,183.7,165.5,181.5
19780228,181.85,188.5,176,187.1
19780331,187.95,195.7,178.1,186.2
19780430,186.35,186.35,166.8,170.6
19780531,170.95,194.3,169.2,192.8
19780630,193.25,195.5,187.2,189.2
19780731,190,210,188.6,209.8
19780831,209.9,221.5,201.5,210.6
19780930,211.25,224.6,207.6,220.9
19781031,221.2,249.4,220.2,240.7
19781130,241.4,241.4,194.2,196.4
19781231,197.1,251,195.8,229
19790131,229.35,243.2,216.6,236.6
19790228,237.25,258.8,232,252.9
19790331,253.8,253.8,235,243.8
19790430,244,250.7,231.8,249.2
19790531,249.75,282,246.1,281.1
19790630,281.35,294.75,275,283.8
19790731,284.55,319.5,282.3,297.3
19790831,297.9,330,288,326.7
19790930,327.05,409,327.05,404.5
19791031,405.15,444.5,373,385.7
19791130,386.2,432.8,365,430.5
19791231,430.95,543,430.95,541
19800131,541,910.6,541,704
19800229,704.65,742.5,617,640
19800331,640.65,660,453,519
19800430,519.75,570,483,507
19800531,507.65,562.5,482,555
19800630,555.2,666,555.2,654
19800731,654.75,696,604,642
19800831,642.2,679.5,620,656
19800930,656.35,748.5,654.8,688.5
19801031,688.95,708.5,627,642
19801130,642.85,665,593,644.5
19801231,645.05,657,558,599.5
19810131,599.85,612,498,512.5
19810228,513.2,530.5,485,486.5
19810331,487.45,568,453,525.5
19810430,525.6,545.5,476,489
19810531,489.15,503,464.8,492.5
19810630,492.9,499.8,427,428.5
19810731,429,431.5,397,423.2
19810831,423.3,463,405,443.5
19810930,444.1,482.5,428,443
19811031,444,469,426.5,431.2
19811130,431.5,436,392.5,413.3
19811231,413.6,437,396.5,402.8
19820131,403.2,411,369,391.8
19820228,392.45,394.4,362.7,364.5
19820331,365.2,366.5,312.5,334.2
19820430,334.4,377.5,328.8,346.5
19820531,346.6,351,327.5,329
19820630,329.3,343.2,297.5,317.8
19820731,318.2,377,308.3,355.5
19820831,356.05,441,340.2,418.5
19820930,419.05,509,396,404.8
19821031,404.85,465,390,423
19821130,423.7,449.5,398,449
19821231,449.85,468.8,435,453
19830131,453.5,519,449.5,518.2
19830228,519.05,520,423.7,423.7
19830331,424.7,442,406.5,422
19830430,422.15,450.8,422,433.5
19830531,433.75,452.5,417.8,418.5
19830630,418.8,428.3,401,418.5
19830731,419.45,441.6,409.5,427.4
19830831,428.1,441,418.5,424.8
19830930,425.2,429,401,407.8
19831031,408.45,408.8,378,378.8
19831130,379.2,414,373,409
19831231,409.85,410,375.5,388
19840131,388.95,388.95,362.5,379.2
19840229,380.05,406,379.1,398.9
19840331,399.75,410.5,385.5,394.3
19840430,394.65,395,377.8,379.6
19840531,380.55,395.5,370,393.6
19840630,393.95,405.3,370,376.1
19840731,377.1,377.1,332,350.3
19840831,351.05,369,349,358
19840930,358.4,358.4,341.6,351.3
19841031,352.1,355.8,333.5,336
19841130,336.3,353.5,325.2,333.5
19841231,333.7,337,306.6,309.7
19850131,309.9,311,296.7,307.4
19850228,307.4,308.5,282.6,288.7
19850331,288.8,339,287,334.1
19850430,334.85,338.6,315,316.5
19850531,317.4,329.8,308.6,319.5
19850630,319.55,331.3,312.5,317.7
19850731,318.55,337.5,308.3,335.2
19850831,335.3,351,326.5,339.8
19850930,339.95,339.95,318.2,327.1
19851031,327.6,335.7,324.9,326.7
19851130,327,336.9,322.1,327.3
19851231,327.95,332.4,315.5,331.1
19860131,331.65,369.5,328,352.9
19860228,353.55,357.5,331.7,341
19860331,341.3,359.6,334,334.8
19860430,335,352.5,330.8,348.1
19860531,348.2,348.8,337.7,347.1
19860630,347.5,355,336.5,347.7
19860731,348.5,371.3,343.3,369.7
19860831,370.15,404.5,364,393.3
19860930,394.2,446,394.2,429.8
19861031,430,446.5,400,405.5
19861130,405.95,413.8,376.5,394.8
19861231,395.7,408,386.5,406.9
19870131,407.7,425,399,408.9
19870228,409.25,413.5,391.4,407.4
19870331,408.25,429.9,403,422.7
19870430,423.3,480.5,418.5,456.5
19870531,457.05,481.5,445.5,456
19870630,456.4,469.05,437.6,452.2
19870731,452.3,475.7,442.5,475.1
19870831,475.15,490.2,456.9,458.7
19870930,459.3,474.8,458,458.8
19871031,459.35,496,457.9,471.2
19871130,471.7,503,456,497.2
19871231,498,507.4,475,488.9
19880131,489.45,489.45,454,458.5
19880229,459,461.9,425.1,431.9
19880331,432.6,463.2,425.9,457.9
19880430,458.15,464,448.2,452.6
19880531,453.25,463.35,443.6,459.8
19880630,460.3,473.8,432.3,437.7
19880731,438.15,449.3,424,447.3
19880831,448.25,448.6,433,439.9
19880930,440.35,440.35,395.5,399.2
19881031,399.95,419,398.1,415.1
19881130,415.95,429.8,412.6,429.6
19881231,430.5,438,409.5,412.3
19890131,413.1,416.3,393.1,395.8
19890228,396.35,401.2,382,390.4
19890331,391,401.6,385.5,390
19890430,390.45,396.9,379.6,380.5
19890531,381.2,383,360.6,366.5
19890630,366.85,384.8,360.5,377.3
19890731,378.05,390.8,369,378.7
19890831,378.9,382.5,364.6,365.4
19890930,365.55,376.7,360.6,372
19891031,372.3,382.3,364.3,377.6
19891130,378.2,421.7,375.7,417.5
19891231,417.55,424.2,400.1,405.2
19900131,406,427.5,394.5,417.8
19900228,418.8,430.3,407.5,408.9
19900331,409.05,410.4,362.5,375
19900430,375.5,385.55,367.7,371.4
19900531,371.75,377.6,361,368.6
19900630,368.95,368.95,348.2,359.9
19900731,360.05,382.2,352,379.2
19900831,379.9,425,379.2,389.2
19900930,390.15,414.4,381.6,408.1
19901031,408.8,408.8,361.5,381.3
19901130,381.75,393.3,376,385.7
19901231,386,397.1,369.1,396.2
19910131,397,406.9,367.8,368.5
19910228,368.9,373.7,357,369
19910331,369.8,372.8,356.6,359.4
19910430,360.1,368.2,352.6,357.7
19910531,358.6,367.7,354.6,364.8
19910630,364.95,377.9,361.5,370
19910731,370.75,373.3,363.6,370.8
19910831,371,371,350,352.9
19910930,353.75,359.5,346,357.3
19911031,357.35,367.4,356.7,359.5
19911130,359.95,372,353.6,371.1
19911231,371.25,374.9,352.3,355.2
19920131,355.7,361.5,348.5,358.9
19920229,359.4,360.5,349.4,354.1
19920331,354.3,354.3,336.3,345.5
19920430,346.45,346.9,334.9,337.9
19920531,338.5,341.7,335.1,338.4
19920630,338.65,346.9,338.2,344.4
19920731,344.7,363.9,344.3,361.4
19920831,361.75,361.75,335,345.3
19920930,345.9,354.5,340.3,349.4
19921031,349.9,353.4,336.9,340.1
19921130,340.85,340.85,328.9,335.5
19921231,336.25,340.1,332,333.1
19930131,333.5,333.5,326.3,330.7
19930228,330.95,334.6,327.8,329.1
19930331,329.45,341.7,325.8,339.3
19930430,340,358.5,336,357.2
19930531,357.5,386.5,354.3,380.3
19930630,380.75,381,361.7,379.2
19930731,379.65,411.7,378.1,411.3
19930831,411.5,414,367,375.7
19930930,376.7,376.7,343,357.1
19931031,357.9,376.7,350,369.6
19931130,369.85,381.2,360.7,371.9
19931231,372.75,393.92,370.4,390.5
19940131,390.55,396.55,375,382
19940228,381.55,390,373.76,381.25
19940331,381.3,393.2,373.1,391.6
19940430,391.75,393,368.2,376.7
19940531,376.6,389.6,372,386.6
19940630,386.75,395.5,378,385.5
19940731,385.95,389.3,381.5,383.2
19940831,384.25,388.4,375,386
19940930,386,398.1,385,394.6
19941031,394.75,396.2,382.3,383.8
19941130,383.7,387.05,380.3,381.05
19941231,380.65,386.4,374.9,382.6
19950131,382.9,385.75,370.8,374.85
19950228,374.75,380.1,373.5,376.6
19950331,377,391.8,372.8,390.5
19950430,391,397.8,385.1,386.5
19950531,386.3,392,380.4,383.85
19950630,383.8,391.75,382.6,384.15
19950731,384.4,391.4,381.5,382.45
19950831,382.35,386.9,380.7,382.2
19950930,382.15,386.4,378.4,383.35
19951031,383.05,385.7,380.4,382.4
19951130,382.35,390.6,381.1,387.05
19951231,387,390.3,384.35,386.85
19960131,386.9,409.1,386.7,406.05
19960229,406.05,418.15,396.05,399.55
19960331,400,401.45,392.35,395.35
19960430,395.35,398.25,389.75,391.65
19960531,391.95,395.95,389.65,390.75
19960630,390.75,391.4,380.35,380.45
19960731,380.25,387.55,380.25,387.35
19960831,387.35,390.25,385.5,386.5
19960930,386.5,387.65,377.85,378.25
19961031,378.05,384.5,377.2,378.3
19961130,378.3,384.5,371.55,371.65
19961231,370.8,374.55,365.75,369.45
19970131,369.45,369.65,343.65,344.1
19970228,344.5,363.25,336.4,363.25
19970331,363.15,363.15,346,351.05
19970430,351.05,352,337.85,339.25
19970531,339.25,351.05,339.05,344.75
19970630,344.75,344.95,333.55,334
19970731,333.8,334.35,314.25,324.55
19970831,324.39,328.95,318.45,324.15
19970930,324.15,335.05,319.75,334.45
19971031,334.45,339.4,307.6,311.45
19971130,312.3,316.15,295.25,297
19971231,297.25,297.25,281.75,288.8
19980131,288.6,306.15,277.05,302.75
19980228,301.95,303.25,290.85,299.15
19980331,299.75,304.35,286.7,300.95
19980430,300.7,314.95,298.95,306.65
19980531,306.5,306.8,291.1,292.95
19980630,293,300.05,284.2,296.95
19980731,297.95,298.15,286.05,286.45
19980831,286.45,289.45,271.12,275.55
19980930,277.9,299.95,277.75,296.95
19981031,296.45,304.85,290.95,292.55
19981130,292.6,298.3,287.95,293.25
19981231,293.3,297.25,285.35,288.25
19990131,287.75,293.5,282.25,286.05
19990228,286.65,290.55,284.65,287.05
19990331,286.75,294.85,278.45,280.05
19990430,280.15,287.65,277.55,286.05
19990531,286.45,289.95,268,270.35
19990630,270.05,270.05,257.35,261.2
19990731,262.6,263.85,252.45,255.95
19990831,255.9,262,251.95,255.75
19990930,254.85,326.4,253.35,299.2
19991031,300.25,339.5,287.25,299.2
19991130,293.75,299.9,287.35,290.7
19991231,290.75,291.7,274.5,288.25
20000131,288.12,290.83,279.45,283.5
20000229,283.55,319.5,282.35,292.2
20000331,292.2,294.2,275,278.9
20000430,278.75,288.1,273.05,273.35
20000531,275.25,282.45,269.45,272.1
20000630,272.2,294.12,271.9,290.1
20000731,288.95,289.88,276.55,277.25
20000831,277.7,279.05,270.5,277.85
20000930,277.75,279.55,268.65,274.25
20001031,273.95,277.65,263.75,264.6
20001130,264.7,271.15,263.26,270.45
20001231,270.25,276.15,268.1,272.25
20010131,273.15,273.55,262.15,266.05
20010228,265.85,269.75,253.85,267.15
20010331,267.15,275.35,257.25,257.95
20010430,258.05,267.15,254.7,264.05
20010531,264.05,297.75,263.65,265.85
20010630,265.85,279.25,264.95,270.85
20010731,270.85,271.85,264.55,266.65
20010831,266.85,281.15,266.25,274.45
20010930,274.45,295,270.95,293.2
20011031,292.25,293.95,274.45,279.5
20011130,279.5,282.25,272.15,274.4
20011231,274.4,281.25,271.65,278.95
20020131,278.95,289.75,277.05,282.95
20020228,282.95,307.75,281.85,296.55
20020331,296.55,304.77,287.95,302.5
20020430,302.5,312.3,297.15,308.45
20020531,308.45,329.5,306.45,326.55
20020630,326.55,330.55,315.05,318.5
20020731,318.5,328,301.75,304.65
20020831,305.65,320.7,296.6,312.8
20020930,313.2,328.5,310.35,323.7
20021031,324,324.3,308.65,316.35
20021130,317.35,330.6,313.35,319.05
20021231,319.45,352.25,314.55,342.75
20030131,343.45,375.75,337.45,367.5
20030228,367.5,389.5,340.75,347.65
20030331,348.35,358.55,328.75,334.85
20030430,335.45,337.75,316.9,336.75
20030531,337.15,377.15,337.15,361.4
20030630,361.5,367.75,343.15,346
20030731,346,366,339,354.75
20030831,355.15,377.8,344.7,375.6
20030930,376.1,400.9,367.5,388
20031031,388.7,401.6,364.75,384.6
20031130,385.2,404.5,374.15,398.1
20031231,398.7,419.55,392.85,417.25
20040131,418.05,433.15,397.8,401.3
20040229,402.1,419.55,388.85,395.05
20040331,395.65,425.9,386.05,423.7
20040430,424.3,434.2,379.9,388.5
20040531,389.1,399.1,368.4,393.6
20040630,394.2,408.6,380.85,395.8
20040731,396.6,407.75,383.05,387.3
20040831,387.8,410.4,385.4,407.25
20040930,407.75,416.05,391.85,415.65
20041031,415.95,430.3,410.3,428.1
20041130,429,454.9,416.9,450.9
20041231,451,456.5,431.4,437.9
20050131,437.9,438,416.5,421.9
20050228,422.1,437.6,410.3,435.9
20050331,435,447,423.1,427.9
20050430,428,437.3,421.6,434.5
20050531,434.5,434.6,413.5,416.4
20050630,416.6,443.3,414.3,434.7
20050731,434.4,436,417.7,429.7
20050831,429.4,449.49,428.7,433.8
20050930,434.9,475.2,434.5,468.5
20051031,468.7,480.04,459.6,465.13
20051130,465.4,502.31,454.8,494.2
20051231,491.5,540.9,489.6,516.5
20060131,516.4,572.32,516.4,570.1
20060228,569.1,575.03,534.4,561.3
20060331,563,588.7,533.7,580.9
20060430,582.73,655.5,581.3,649.95
20060531,653.55,730,635.6,644
20060630,642.3,645.15,542.4,614.1
20060731,617.9,676,601.9,634.4
20060831,635.7,656.08,607,625.1
20060930,625.95,640.1,570.75,598.6
20061031,598.5,610.5,559.4,605.4
20061130,606.3,648.4,605.1,646.25
20061231,646.6,649.35,611.5,635.7
20070131,636.2,654.7,601.9,652.1
20070228,651.9,688.5,643.1,669.3
20070331,673.4,677.15,632.6,663.4
20070430,664.35,693.8,656.5,680.6
20070531,678,690.1,651.6,660.5
20070630,661.3,673.75,639.8,649.7
20070731,650.85,687.05,644.9,665.95
20070831,663.58,676.55,642,672.5
20070930,672.4,745.5,671.3,744.8
20071031,743.4,797.1,720.8,795.3
20071130,797.55,845.45,772.74,784.46
20071231,785.76,843.5,777,833.15
20080131,833.7,933.04,833.7,925.7
20080229,924.3,976,884.6,970.4
20080331,976.3,1032.3,904.8,913.2
20080430,915.7,952.8,862.2,866.18
20080531,875.6,935.15,845.51,886.96
20080630,886.85,934.93,857.55,927.4
20080731,924.1,987.9,894.45,913.2
20080831,913.87,916.83,772.55,830.25
20080930,833.7,918.3,735.9,872.02
20081031,870,931.6,681.45,724.93
20081130,729.3,830.05,700.4,817.9
20081231,816.26,889.68,741.8,879.05
20090131,886.7,929.34,802.84,928.08
20090228,926.8,1006.1,889.38,938.96
20090331,948.99,966.9,883.74,922.58
20090430,917.12,931.84,864.78,890.85
20090531,885.5,980.17,879.9,975.92
20090630,976.29,989.7,913.3,926.68
20090731,927.7,958.59,904.95,953.9
20090831,952.86,971.4,930.22,951.92
20090930,951.65,1024,946.42,1007.9
20091031,1009.7,1070.6,986.77,1041
20091130,1042.4,1195.1,1042.4,1178.5
20091231,1179.6,1226.2,1074.5,1096.6
20100131,1095.2,1160.95,1073.28,1080.05
20100228,1080.38,1130.18,1043.72,1116.85
20100331,1118.6,1144.08,1084.28,1112.68
20100430,1112.88,1180.78,1110.72,1178.05
20100531,1179.15,1248.7,1156.97,1216.4
20100630,1215.4,1264.2,1196,1241.15
20100731,1241.65,1242.75,1156.6,1180.3
20100831,1181.15,1248.95,1173.55,1246.7
20100930,1247.25,1315.55,1236.1,1308.45
20101031,1306.35,1386.95,1306.1,1359.05
20101130,1363.6,1424.1,1325.35,1386.8
20101231,1386.3,1430.6,1361.85,1420.55
20110131,1419,1423.5,1308.26,1333
20110228,1332.26,1418.2,1325.3,1410.93
20110331,1411.51,1447.86,1381.26,1432
20110430,1433.04,1569.41,1412.75,1563.45
20110531,1566.32,1576.9,1462.65,1535.57
20110630,1535.47,1558.23,1491.37,1500.6
20110731,1501.6,1632.65,1478.35,1624.85
20110831,1610.15,1912.14,1609,1825.34
20110930,1824.52,1921.07,1533.19,1623.83
20111031,1620.28,1752.59,1595.76,1709.82
20111130,1710.7,1803.1,1666.8,1749.34
20111231,1748.75,1762.55,1522.86,1564.81
20120131,1569.36,1747.5,1567.14,1737.23
20120229,1737.12,1790.71,1688.75,1695.47
20120331,1695,1726,1628.22,1668.28
20120430,1670.22,1683.7,1612.53,1663.7
20120531,1665.2,1670.8,1526.63,1558.7
20120630,1559.85,1639.2,1544.81,1596.95
20120731,1597.51,1628.82,1554.26,1614.08
20120831,1613.63,1692.58,1584.69,1691.61
20120930,1687.75,1787.2,1685.17,1771.25
20121031,1765.4,1795.54,1698.26,1719.71
20121130,1719.1,1753.92,1672.29,1714.4
20121231,1716.72,1722.95,1635.29,1676.4
20130131,1670.6,1696.09,1625.44,1663.38
20130228,1662.05,1684.55,1554.73,1579.16
20130331,1579.12,1616.23,1561.14,1596.65
20130430,1595.77,1603.47,1321.42,1476.23
20130531,1475.64,1487.53,1338.06,1385.08
20130630,1392.04,1423.15,1180.16,1232.63
20130731,1243.09,1346.64,1208.27,1324.83
20130831,1325.93,1433.6,1272.95,1393.98
20130930,1381.53,1416.06,1291.83,1328.82
20131031,1328.81,1361.65,1251.81,1323.25
20131130,1325.06,1327.6,1226.67,1253.78
20131231,1247.97,1267.64,1182.1,1204.12
20140131,1205.1,1275,1204.8,1244.75
20140228,1243.9,1345.24,1240.82,1323.58
20140331,1341.9,1388.34,1282.46,1283.9
20140430,1284.48,1331.01,1268.55,1291.26
20140531,1292.33,1315.57,1242.25,1250.55
20140630,1248.06,1329.2,1240.7,1327.06
20140731,1325.98,1344.83,1280.94,1282.59
20140831,1282.75,1322.44,1272.9,1287.12
20140930,1286.41,1289.9,1204.53,1208.09
20141031,1207.42,1255.02,1161.18,1171.85
20141130,1166.33,1207.71,1131.78,1168.85
20141231,1150.35,1237.98,1146.55,1183
20150131,1187.09,1306.43,1167.69,1283.8
20150228,1280.54,1285.06,1190.43,1211.57
20150331,1215.52,1223,1142.73,1183.38
20150430,1183.07,1224.45,1175.51,1184.5
20150531,1184.19,1232.54,1170.18,1190.22
20150630,1192.49,1205.79,1163.05,1172.36
20150731,1173.25,1175.31,1077.64,1095.23
20150831,1095.22,1170.18,1081.32,1134.6
20150930,1135.33,1156.9,1099.05,1115.34
20151031,1115.54,1191.63,1104.97,1142.22
20151130,1140.95,1143.2,1052.87,1064.66
20151231,1064.92,1089.09,1046.64,1061.46
20160131,1064.65,1128.11,1062.61,1117.69
20160229,1117.94,1263.13,1117.23,1238.86
20160331,1240.49,1283.04,1208.64,1232.95
20160430,1232.78,1296.74,1209.41,1293.03
20160531,1291.31,1303.89,1200.21,1215.74
20160630,1215.92,1358.61,1206.28,1321.94
20160731,1322.32,1375.42,1311.12,1352.15
20160831,1348.65,1367.57,1304.64,1308.88
20160930,1308.6,1352.4,1302.46,1317.57
20161031,1318.24,1319.45,1241.28,1276.66
20161130,1276.42,1335.39,1170.88,1173.32
20161231,1173.53,1188.11,1123.04,1150.91
20170131,1150.53,1220.04,1146.18,1210.61
20170228,1211.06,1263.94,1198.29,1248.89
20170331,1248.18,1261.1,1195.26,1247.31
20170430,1250.51,1295.54,1243.94,1268.16
20170531,1268.39,1274.2,1214.33,1268.58
20170630,1269.12,1296,1236.7,1241.38
20170731,1241.81,1271.15,1204.97,1269.4
20170831,1269.62,1326.03,1251.67,1320.64
20170930,1321.98,1357.56,1277.91,1280.59
20171031,1280.04,1306.09,1260.69,1271.31
20171130,1270.6,1299.25,1265.71,1274.87
20171231,1274.57,1307.63,1236.57,1303.33
20180131,1303.38,1366.12,1302.48,1345.13
20180228,1345.09,1361.8,1307.15,1318.23
20180331,1319.52,1356.86,1302.87,1325.43
20180430,1326.02,1365.12,1310.5,1315.93
20180531,1315.38,1326,1282.19,1298.46
20180630,1298.97,1309.34,1246.02,1252.55
20180731,1251.96,1265.92,1211.72,1222.92
20180831,1223.95,1224.84,1160.31,1199.52
20180930,1201.09,1212.72,1181.01,1191.96
20181031,1192.48,1243.49,1183.41,1215.37
20181130,1215.32,1237.39,1196.4,1222.13
20181231,1222.34,1284.14,1221.38,1282.56
20190131,1282.6,1326.32,1276.79,1321.37
20190228,1321.34,1346.8,1302.61,1312.45
20190331,1314.14,1324.58,1281.02,1292.3
20190430,1292.46,1310.63,1266.55,1283.48
20190531,1283.34,1306.98,1266.48,1305.87
20190630,1307.21,1438.8,1306.16,1411.07
20190731,1398.55,1452.81,1381.89,1413.73
20190831,1413.05,1555.16,1400.6,1523.72
20190930,1528.45,1557.1,1464.64,1472.72
20191031,1472.34,1519.44,1459.25,1513.17
20191130,1512.4,1515.88,1445.78,1464.02
20191231,1464.07,1525.31,1454.05,1517.305
20200131,1518.17,1611.45,1517.32,1586.88
20200229,1593.43,1689.04,1547.58,1577.4
20200331,1592.13,1703.16,1451.28,1575.15
20200430,1576.59,1747.4,1569.8,1686.855
20200531,1686.93,1765.12,1670.59,1731.5
20200630,1736.49,1785.96,1671.03,1780.96
20200731,1782.69,1982.77,1757.75,1974.2
20200831,1979.6,2075.11,1864.19,1967.82
20200930,1967.59,1992.47,1848.81,1885.8
20201031,1886.25,1933.23,1860.1,1878.38
20201130,1877.11,1965.55,1764.72,1776.77
20201231,1777.15,1906.73,1775.83,1898.705
20210131,1903.49,1959.11,1804.01,1842.81
20210228,1862.7,1871.76,1717.15,1727.48
20210331,1733.82,1759.54,1676.95,1707.65
20210430,1708,1797.87,1705.85,1767.94
20210531,1770.46,1912.81,1766.21,1906.75
20210630,1907.4,1916.59,1751.16,1770.21
20210731,1770.03,1833.93,1765.85,1813.91
20210831,1814.2,1831.63,1671.9,1813.47
20210930,1814.095,1834.1,1721.53,1756.895
20211031,1756.8,1813.74,1746.01,1782.82
20211130,1780.88,1877.09,1758.99,1774.96
20211231,1775.085,1830.35,1754.81,1829.5
20220131,1830.05,1853.88,1780.33,1797.35
20220228,1797.985,1974.04,1788.88,1908.82
20220331,1907.645,2069.94,1890.42,1937.27
20220430,1937.58,1998.325,1872.355,1896.395
20220531,1896.11,1909.845,1787.395,1837.635
20220630,1836.92,1878.985,1802.885,1807.215
20220731,1807.3,1814.355,1681.205,1761.035
20220831,1765.7,1807.785,1709.695,1711.145
20220930,1711.07,1735.125,1614.905,1661.815
20221031,1661.67,1729.345,1617.395,1632.755
20221130,1632.75,1786.395,1616.755,1768.615
20221231,1768.69,1833.31,1765.92,1823.48
20230131,1828.86,1949.16,1824.4,1928.28
20230228,1928.13,1959.71,1805.1,1826.8
20230331,1826.9,2009.6,1809.6,1970.8
20230430,1969.17,2048.19,1949.94,1989.27
20230531,1989.94,2078.925,1932.25,1962.93
20230630,1962.89,1983.49,1893.075,1920.185
20230731,1919.93,1987.52,1902.835,1965.575
20230831,1965.78,1966.065,1884.89,1940.095
20230930,1940.19,1952.925,1846.39,1848.49
20231031,1848.09,2009.41,1810.565,1984.69
20231130,1984.9,2051.935,1921.12,2036.195
20231231,2037.13,2144.83,1973.14,2063.235
20240131,2063.76,2078.915,2001.95,2039.57
20240229,2039.93,2065.375,1984.39,2044.195
20240331,2043.93,2234.525,2039.125,2233.99
20240430,2239.27,2431.44,2228.63,2285.94
20240531,2286.555,2450.05,2277.67,2327.825
20240630,2328.15,2387.77,2287.77,2325.185
20240731,2326.39,2483.615,2318.725,2447.64
20240831,2448.675,2531.66,2364.435,2502.54
20240930,2502.97,2685.39,2471.97,2634.735
20241031,2634.53,2790.08,2604.855,2746.205
20241130,2746.355,2762.265,2537.03,2650.455
20241231,2652.75,2726.035,2583.64,2624.585
20250131,2624.835,2817.17,2615.265,2801.28
20250228,2801.65,2956.18,2772.47,2854.945
20250331,2855.6,3127.695,2855.6,3123.275
20250430,3123.28,3499.955,2956.88,3288.4
20250531,3287.955,3437.935,3121.19,3294.895
20250630,3299.42,3454.04,3248.61,3303.05
20250731,3303.045,3439.025,3268.415,3289.985
20250831,3290.435,3453.725,3281.795,3452.355
20250930,3448.08,3871.785,3437.155,3858.72
20251031,3858.98,4381.205,3820.165,4002.775
20251130,3985.07,4252.05,3928.855,4252.05
20251231,4230.11,4549.815,4164.79,4318.59
20260131,4333.37,5595.435,4310.745,4847.87
20260228,4786.18,5265.135,4404.97,5263.825
20260331,5312.56,5418.765,4997.975,5153.265
